{"x":8.09471607208252,"y":4.0136613845825199,"z":-0.6000003814697266}