{"x":-6.249822616577148,"y":-0.3394506573677063,"z":-0.6000003814697266}