{"x":7.680134296417236,"y":-1.6661137342453004,"z":-0.6000003814697266}